ID,Name,DateOfBirth,Address,Department
ABC_1,Stesha Benyan,23/10/1981,6 Ronald Regan Court,SYSTEM
ABC_2,Alf McTiernan,14/12/1990,9390 Utah Way,WEB
ABC_3,Olympe Nevill,30/05/1985,5 Rowland Pass,WEB
ABC_4,Noemi Silwood,9/2/1999,92736 Orin Plaza,MOBILE
ABC_5,Gale Gwalter,6/7/1997,5677 Express Lane,SYSTEM
ABC_6,Jo Conibear,13/03/1987,7990 Bashford Drive,MOBILE
ABC_7,Mar Cocksedge,21/09/1995,5 Dunning Circle,WEB
ABC_8,Moise Trillow,10/12/1994,79 Everett Circle,MOBILE
ABC_9,Perceval Leys,16/02/1996,82046 Rowland Crossing,MOBILE
ABC_9,Perceval Leys,16/02/1996,82046 Rowland Crossing,MOBILE